HABITAT,STRESSOR,SUBREGION,E_MEAN,E_MIN,E_MAX,C_MEAN,C_MIN,C_MAX,R_MEAN,R_MIN,R_MAX,R_%HIGH,R_%MEDIUM,R_%LOW
species_sim,(FROM ALL STRESSORS),middle,0.9516891891891892,0.0,1.0,2.0411169103673985,1.1764706373214722,2.2941174507141113,1.0846682986697636,0.0,1.3726187944412231,0.0,55.067567567567565,44.932432432432435
species_sim,(FROM ALL STRESSORS),top,0.7277272727272728,0.0,1.0,1.8791175426136364,1.1764706373214722,2.2941174507141113,0.8279671963778409,0.0,1.3726187944412231,0.0,35.54545454545455,64.45454545454545
species_sim,(FROM ALL STRESSORS),bottom,1.0,1.0,1.0,2.054937623826252,1.7647058963775635,2.2941174507141113,1.1189301723994407,0.8110930323600769,1.3726187944412231,0.0,58.497602557272245,41.502397442727755
species_sim,traps,middle,0.9516891891891892,0.0,1.0,1.9743243243243243,0.0,2.2941174507141113,1.0846682986697636,0.0,1.3726187944412231,0.0,55.067567567567565,44.932432432432435
species_sim,traps,top,0.7277272727272728,0.0,1.0,1.5083420632102273,0.0,2.2941174507141113,0.8279671963778409,0.0,1.3726187944412231,0.0,35.54545454545455,64.45454545454545
species_sim,traps,bottom,1.0,1.0,1.0,2.054937623826252,1.7647058963775635,2.2941174507141113,1.1189301723994407,0.8110930323600769,1.3726187944412231,0.0,58.497602557272245,41.502397442727755
